ticker,name,market,locale,primary_exchange,type,active,currency_name,cik,last_updated_utc
A,Agilent Technologies Inc.,stocks,us,XNYS,CS,True,usd,0001090872,2025-10-02T06:15:21.639951008Z
AA,Alcoa Corporation,stocks,us,XNYS,CS,True,usd,0001675149,2025-10-02T06:15:21.639951298Z
AAA,Alternative Access First Priority CLO Bond ETF,stocks,us,ARCX,ETF,True,usd,0001776878,2025-10-02T06:15:21.639951829Z
AAAA,Amplius Aggressive Asset Allocation ETF,stocks,us,BATS,ETF,True,usd,,2025-10-02T06:15:21.6399521Z
AAAU,Goldman Sachs Physical Gold ETF Shares,stocks,us,BATS,ETF,True,usd,0001708646,2025-10-02T06:15:21.63995218Z
AACB,Artius II Acquisition Inc. Class A Ordinary Shares,stocks,us,XNAS,CS,True,usd,0002034334,2025-10-02T06:15:21.63995226Z
AACBR,Artius II Acquisition Inc. Rights,stocks,us,XNAS,RIGHT,True,usd,0002034334,2025-10-02T06:15:21.63995234Z
AACBU,Artius II Acquisition Inc. Units,stocks,us,XNAS,UNIT,True,usd,0002034334,2025-10-02T06:15:21.63995242Z
AACG,ATA Creativity Global American Depositary Shares,stocks,us,XNAS,ADRC,True,usd,0001420529,2025-10-02T06:15:21.6399525Z
AACI,Armada Acquisition Corp. II Class A Ordinary Shares,stocks,us,XNAS,CS,True,usd,0002044009,2025-10-02T06:15:21.639952591Z
AACIU,Armada Acquisition Corp. II Units,stocks,us,XNAS,UNIT,True,usd,0002044009,2025-10-02T06:15:21.639952701Z
AACIW,Armada Acquisition Corp. II Warrant,stocks,us,XNAS,WARRANT,True,usd,0002044009,2025-10-02T06:15:21.639952781Z
AADR,AdvisorShares Dorsey Wright ADR ETF,stocks,us,XNAS,ETF,True,usd,0001408970,2025-10-02T06:15:21.639952861Z
AAL,American Airlines Group Inc.,stocks,us,XNAS,CS,True,usd,0000006201,2025-10-02T06:15:21.639952941Z
AALG,Leverage Shares 2X Long AAL Daily ETF,stocks,us,XNAS,ETF,True,usd,0001976322,2025-10-02T06:15:21.639953021Z
AAM,AA Mission Acquisition Corp.,stocks,us,XNYS,CS,True,usd,0002012964,2025-10-02T06:15:21.639953102Z
AAM.U,"AA Mission Acquisition Corp. Units, each consisting of one Class A Ordinary Share and one-half of one redeemable warrant",stocks,us,XNYS,UNIT,True,usd,0002012964,2025-10-02T06:15:21.639953562Z
AAM.WS,"AA Mission Acquisition Corp. Warrants, each whole warrant entitles the holder to purchase one Class A ordinary share at a price of $11.50 per share",stocks,us,XNYS,WARRANT,True,usd,0002012964,2025-10-02T06:15:21.639953643Z
AAME,Atlantic American Corp,stocks,us,XNAS,CS,True,usd,0000008177,2025-10-02T06:15:21.639953863Z
AAMI,Acadian Asset Management Inc.,stocks,us,XNYS,CS,True,usd,0001748824,2025-10-02T06:15:21.639953943Z
AAOI,"Applied Optoelectronics, Inc.",stocks,us,XNAS,CS,True,usd,0001158114,2025-10-02T06:15:21.639954063Z
AAON,Aaon Inc,stocks,us,XNAS,CS,True,usd,0000824142,2025-10-02T06:15:21.639954143Z
AAP,ADVANCE AUTO PARTS INC,stocks,us,XNYS,CS,True,usd,0001158449,2025-10-02T06:15:21.639954224Z
AAPB,GraniteShares ETF Trust GraniteShares 2x Long AAPL Daily ETF,stocks,us,XNAS,ETF,True,usd,0001689873,2025-10-02T06:15:21.639954304Z
AAPD,Direxion Daily AAPL Bear 1X Shares,stocks,us,XNAS,ETF,True,usd,,2025-10-02T06:15:21.639954384Z
AAPG,Ascentage Pharma Group International American Depository Shares,stocks,us,XNAS,ADRC,True,usd,0002023311,2025-10-02T06:15:21.639954474Z
AAPL,Apple Inc.,stocks,us,XNAS,CS,True,usd,0000320193,2025-10-02T06:15:21.639954554Z
AAPR,Innovator Equity Defined Protection ETF - 2 Yr to April 2026,stocks,us,BATS,ETF,True,usd,0001415726,2025-10-02T06:15:21.639954644Z
AAPU,Direxion Shares ETF Trust Direxion Daily AAPL Bull 2X Shares,stocks,us,XNAS,ETF,True,usd,,2025-10-02T06:15:21.639954725Z
AAPW,Roundhill AAPL WeeklyPay ETF,stocks,us,BATS,ETF,True,usd,,2025-10-02T06:15:21.639954805Z
AAPX,T-Rex 2X Long Apple Daily Target ETF,stocks,us,BATS,ETF,True,usd,,2025-10-02T06:15:21.639954885Z
AAPY,Kurv Yield Premium Strategy Apple (AAPL) ETF,stocks,us,BATS,ETF,True,usd,0001848758,2025-10-02T06:15:21.639954965Z
AARD,"Aardvark Therapeutics, Inc. Common Stock",stocks,us,XNAS,CS,True,usd,0001774857,2025-10-02T06:15:21.639955206Z
AAT,"AMERICAN ASSETS TRUST, INC.",stocks,us,XNYS,CS,True,usd,0001500217,2025-10-02T06:15:21.639955286Z
AAUC,Allied Gold Corporation,stocks,us,XNYS,CS,True,usd,0001993344,2025-10-02T06:15:21.639955486Z
AAUM,Tema Alternative Asset Managers ETF,stocks,us,BATS,ETF,True,usd,0002056807,2025-10-02T06:15:21.639955566Z
AAUS,Alpha Architect US Equity ETF,stocks,us,XNAS,ETF,True,usd,,2025-10-02T06:15:21.639955686Z
AAVM,EA Series Trust Alpha Architect Global Factor Equity ETF,stocks,us,XNAS,ETF,True,usd,,2025-10-02T06:15:21.639955767Z
AAXJ,iShares MSCI All Country Asia ex Japan ETF,stocks,us,XNAS,ETF,True,usd,0001100663,2025-10-02T06:15:21.639955847Z
AB,"AllianceBernstein Holding, L.P.",stocks,us,XNYS,CS,True,usd,0000825313,2025-10-02T06:15:21.639955927Z
ABAT,American Battery Technology Company Common Stock,stocks,us,XNAS,CS,True,usd,0001576873,2025-10-02T06:15:21.639956007Z
ABBV,ABBVIE INC.,stocks,us,XNYS,CS,True,usd,0001551152,2025-10-02T06:15:21.639956087Z
ABCB,Ameris Bancorp,stocks,us,XNYS,CS,True,usd,0000351569,2025-10-02T06:15:21.639956167Z
ABCL,AbCellera Biologics Inc. Common Shares,stocks,us,XNAS,CS,True,usd,0001703057,2025-10-02T06:15:21.639956248Z
ABCS,Alpha Blue Capital US Small-Mid Cap Dynamic ETF,stocks,us,XNAS,ETF,True,usd,,2025-10-02T06:15:21.639956338Z
ABEO,Abeona Therapeutics Inc. Common Stock,stocks,us,XNAS,CS,True,usd,0000318306,2025-10-02T06:15:21.639956418Z
ABEQ,Absolute Select Value ETF,stocks,us,ARCX,ETF,True,usd,0001199046,2025-10-02T06:15:21.639956498Z
ABEV,AMBEV S.A.,stocks,us,XNYS,ADRC,True,usd,0001565025,2025-10-02T06:15:21.639956578Z
ABFL,Abacus FCF Leaders ETF,stocks,us,BATS,ETF,True,usd,,2025-10-02T06:15:21.639956658Z
ABG,"Asbury Automotive Group, Inc.",stocks,us,XNYS,CS,True,usd,0001144980,2025-10-02T06:15:21.639956748Z
ABI,VictoryShares Pioneer Asset-Based Income ETF,stocks,us,XNAS,ETF,True,usd,,2025-10-02T06:15:21.639957179Z
ABIG,Argent Large Cap ETF,stocks,us,XNAS,ETF,True,usd,,2025-10-02T06:15:21.639957259Z
ABL,"Abacus Global Management, Inc. Class A Common Stock",stocks,us,XNAS,CS,True,usd,0001814287,2025-10-02T06:15:21.63995737Z
ABLD,Abacus FCF Real Assets Leaders ETF,stocks,us,BATS,ETF,True,usd,,2025-10-02T06:15:21.63995745Z
ABLG,Abacus FCF International Leaders ETF,stocks,us,BATS,ETF,True,usd,,2025-10-02T06:15:21.63995753Z
ABLLL,"Abacus Global Management, Inc. 9.875% Fixed Rate Senior Notes due 2028",stocks,us,XNAS,CS,True,usd,0001814287,2025-10-02T06:15:21.63995761Z
ABLS,Abacus FCF Small Cap Leaders ETF,stocks,us,BATS,ETF,True,usd,,2025-10-02T06:15:21.63995769Z
ABLV,Able View Global Inc. Class B Ordinary Shares,stocks,us,XNAS,CS,True,usd,0001957489,2025-10-02T06:15:21.63995777Z
ABLVW,Able View Global Inc. Warrant,stocks,us,XNAS,WARRANT,True,usd,0001957489,2025-10-02T06:15:21.639957851Z
ABM,"ABM Industries, Inc.",stocks,us,XNYS,CS,True,usd,0000771497,2025-10-02T06:15:21.639957931Z
ABNB,"Airbnb, Inc. Class A Common Stock",stocks,us,XNAS,CS,True,usd,0001559720,2025-10-02T06:15:21.639958011Z
ABNY,YieldMax ABNB Option Income Strategy ETF,stocks,us,ARCX,ETS,True,usd,,2025-10-02T06:15:21.639958101Z
ABOS,"Acumen Pharmaceuticals, Inc. Common Stock",stocks,us,XNAS,CS,True,usd,0001576885,2025-10-02T06:15:21.639958181Z
ABOT,Abacus FCF Innovation Leaders ETF,stocks,us,BATS,ETF,True,usd,,2025-10-02T06:15:21.639958261Z
ABP,"Abpro Holdings, Inc Common Stock",stocks,us,XNAS,CS,True,usd,0001893219,2025-10-02T06:15:21.639958341Z
ABPWW,"Abpro Holdings, Inc. Warrant",stocks,us,XNAS,WARRANT,True,usd,,2025-10-02T06:15:21.639958432Z
ABR,"Arbor Realty Trust, Inc.",stocks,us,XNYS,CS,True,usd,0001253986,2025-10-02T06:15:21.639958762Z
ABRpD,"Arbor Realty Trust, Inc. 6.375% Series D Cumulative Redeemable Preferred Stock, Liquidation Preference $25.00 per Share",stocks,us,XNYS,PFD,True,usd,0001253986,2025-10-02T06:15:21.639958852Z
ABRpE,"Arbor Realty Trust, Inc. 6.25% Series E Cumulative Redeemable Preferred Stock",stocks,us,XNYS,PFD,True,usd,0001253986,2025-10-02T06:15:21.639958953Z
ABRpF,"Arbor Realty Trust, Inc. 6.25% Series F Fixed-to-Floating Rate Cumulative Redeemable Preferred Stock, Liquidation Preference $25.00 per share",stocks,us,XNYS,PFD,True,usd,0001253986,2025-10-02T06:15:21.639959033Z
ABSI,Absci Corporation Common Stock,stocks,us,XNAS,CS,True,usd,0001672688,2025-10-02T06:15:21.639959113Z
ABT,Abbott Laboratories,stocks,us,XNYS,CS,True,usd,0000001800,2025-10-02T06:15:21.639959193Z
ABTC,American Bitcoin Corp. Class A Common Stock,stocks,us,XNAS,CS,True,usd,0001755953,2025-10-02T06:15:21.639959273Z
ABTS,Abits Group Inc Ordinary Shares,stocks,us,XNAS,CS,True,usd,0001864055,2025-10-02T06:15:21.639959474Z
ABUS,Arbutus Biopharma Corporation Common Stock,stocks,us,XNAS,CS,True,usd,0001447028,2025-10-02T06:15:21.639959554Z
ABVC,"ABVC BioPharma, Inc. Common Stock",stocks,us,XNAS,CS,True,usd,0001173313,2025-10-02T06:15:21.639959634Z
ABVE,Above Food Ingredients Inc. Common Stock,stocks,us,XNAS,CS,True,usd,0001979484,2025-10-02T06:15:21.639959714Z
ABVEW,Above Food Ingredients Inc. Warrants,stocks,us,XNAS,WARRANT,True,usd,0001979484,2025-10-02T06:15:21.639959814Z
ABVX,Abivax SA American Depositary Shares,stocks,us,XNAS,ADRC,True,usd,0001956827,2025-10-02T06:15:21.639959904Z
ABXB,Abacus Flexible Bond Leaders ETF,stocks,us,BATS,ETF,True,usd,,2025-10-02T06:15:21.639959985Z
ACA,"Arcosa, Inc. Common Stock",stocks,us,XNYS,CS,True,usd,0001739445,2025-10-02T06:15:21.639960065Z
ACAD,Acadia Pharmaceuticals Inc.,stocks,us,XNAS,CS,True,usd,0001070494,2025-10-02T06:15:21.639960155Z
ACB,Aurora Cannabis Inc. Common Shares,stocks,us,XNAS,CS,True,usd,0001683541,2025-10-02T06:15:21.639960546Z
ACCO,Acco Brands Corporation,stocks,us,XNYS,CS,True,usd,0000712034,2025-10-02T06:15:21.639960626Z
ACCS,ACCESS Newswire Inc.,stocks,us,XASE,CS,True,usd,0000843006,2025-10-02T06:15:21.639960766Z
ACDC,ProFrac Holding Corp. Class A Common Stock,stocks,us,XNAS,CS,True,usd,0001881487,2025-10-02T06:15:21.639960846Z
ACEI,Innovator Equity Autocallable Income Strategy ETF,stocks,us,ARCX,ETF,True,usd,0001415726,2025-10-02T06:15:21.639960926Z
ACEL,"Accel Entertainment, Inc.",stocks,us,XNYS,CS,True,usd,0001698991,2025-10-02T06:15:21.639961007Z
ACES,ALPS Clean Energy ETF,stocks,us,ARCX,ETF,True,usd,0001414040,2025-10-02T06:15:21.639961087Z
ACET,"Adicet Bio, Inc. Common Stock",stocks,us,XNAS,CS,True,usd,0001720580,2025-10-02T06:15:21.639961167Z
ACFN,"Acorn Energy, Inc. Common Stock",stocks,us,XNAS,CS,True,usd,0000880984,2025-10-02T06:15:21.639961297Z
ACGL,Arch Capital Group Ltd,stocks,us,XNAS,CS,True,usd,0000947484,2025-10-02T06:15:21.639961377Z
ACGLN,"Arch Capital Group Ltd. Depositary Shares, each Representing a 1/1,000th Interest in a 4.550% Non-Cumulative Preferred Share, Series G",stocks,us,XNAS,CS,True,usd,0000947484,2025-10-02T06:15:21.639961457Z
ACGLO,"Arch Capital Group Ltd. Depositary Shares Each Representing 1/1,000th Interest in a Share of 5.45% Non-Cumulative Preferred Shares, Series F",stocks,us,XNAS,PFD,True,usd,0000947484,2025-10-02T06:15:21.639961538Z
ACGR,American Century Large Cap Growth ETF,stocks,us,ARCX,ETF,True,usd,0001481714,2025-10-02T06:15:21.639961618Z
ACHC,"Acadia Healthcare Company, Inc.",stocks,us,XNAS,CS,True,usd,0001520697,2025-10-02T06:15:21.639961698Z
ACHR,Archer Aviation Inc.,stocks,us,XNYS,CS,True,usd,0001824502,2025-10-02T06:15:21.639961778Z
ACHR.WS,"Archer Aviation Inc. Redeemable Warrants, each whole warrant exercisable for one Class A common stock at an exercise price of $11.50",stocks,us,XNYS,WARRANT,True,usd,0001824502,2025-10-02T06:15:21.639961868Z
ACHV,"Achieve Life Sciences, Inc.",stocks,us,XNAS,CS,True,usd,0000949858,2025-10-02T06:15:21.639962209Z
ACI,"Albertsons Companies, Inc.",stocks,us,XNYS,CS,True,usd,0001646972,2025-10-02T06:15:21.639962289Z
ACIC,American Coastal Insurance Corporation Common Stock,stocks,us,XNAS,CS,True,usd,0001401521,2025-10-02T06:15:21.639962389Z
ACII,Innovator Index Autocallable Income Strategy ETF,stocks,us,ARCX,ETF,True,usd,0001838614,2025-10-02T06:15:21.639962469Z
ACIO,Aptus Collared Investment Opportunity ETF,stocks,us,BATS,ETF,True,usd,0001539639,2025-10-02T06:15:21.63996258Z
ACIU,AC Immune SA,stocks,us,XNAS,CS,True,usd,0001651625,2025-10-02T06:15:21.63996266Z
ACIW,"ACI Worldwide, Inc.",stocks,us,XNAS,CS,True,usd,0000935036,2025-10-02T06:15:21.63996274Z
ACKY,VistaShares Target 15 ACKtivist Distribution ETF,stocks,us,ARCX,ETF,True,usd,0001722388,2025-10-02T06:15:21.63996282Z
ACLC,American Century Large Cap Equity ETF,stocks,us,ARCX,ETF,True,usd,0001481714,2025-10-02T06:15:21.6399629Z
ACLO,TCW AAA CLO ETF,stocks,us,XNYS,ETF,True,usd,0001831313,2025-10-02T06:15:21.63996298Z
ACLS,Axcelis Technologies Inc,stocks,us,XNAS,CS,True,usd,0001113232,2025-10-02T06:15:21.639963071Z
ACLX,"Arcellx, Inc. Common Stock",stocks,us,XNAS,CS,True,usd,0001786205,2025-10-02T06:15:21.639963151Z
ACM,Aecom,stocks,us,XNYS,CS,True,usd,0000868857,2025-10-02T06:15:21.639963231Z
ACMR,"ACM Research, Inc. Class A Common Stock",stocks,us,XNAS,CS,True,usd,0001680062,2025-10-02T06:15:21.639963311Z
ACN,Accenture PLC,stocks,us,XNYS,CS,True,usd,0001467373,2025-10-02T06:15:21.639963391Z
ACNB,ACNB Corp,stocks,us,XNAS,CS,True,usd,0000715579,2025-10-02T06:15:21.639963471Z
ACNT,Ascent Industries Co. Common Stock,stocks,us,XNAS,CS,True,usd,0000095953,2025-10-02T06:15:21.639963692Z
ACOG,Alpha Cognition Inc. Common Stock,stocks,us,XNAS,CS,True,usd,0001655923,2025-10-02T06:15:21.639963772Z
ACON,"Aclarion, Inc. Common Stock",stocks,us,XNAS,CS,True,usd,0001635077,2025-10-02T06:15:21.639963902Z
ACONW,"Aclarion, Inc. Warrant",stocks,us,XNAS,WARRANT,True,usd,0001635077,2025-10-02T06:15:21.639963992Z
ACP,abrdn Income Credit Strategies Fund,stocks,us,XNYS,FUND,True,usd,0001503290,2025-10-02T06:15:21.639964072Z
ACPpA,abrdn Income Credit Strategies Fund  5.250% Series A Perpetual Preferred Stock,stocks,us,XNYS,PFD,True,usd,0001503290,2025-10-02T06:15:21.639964153Z
ACR,ACRES Commercial Realty Corp.,stocks,us,XNYS,CS,True,usd,0001332551,2025-10-02T06:15:21.639964233Z
ACRE,Ares Commercial Real Estate Corporation,stocks,us,XNYS,CS,True,usd,0001529377,2025-10-02T06:15:21.639964313Z
ACRS,"Aclaris Therapeutics, Inc.",stocks,us,XNAS,CS,True,usd,0001557746,2025-10-02T06:15:21.639964483Z
ACRV,"Acrivon Therapeutics, Inc. Common Stock",stocks,us,XNAS,CS,True,usd,0001781174,2025-10-02T06:15:21.639964654Z
ACRpC,"ACRES Commercial Realty Corp. 8.625% Fixed-to-Floating Series C Cumulative Redeemable Preferred Stock, par value $0.001 per share",stocks,us,XNYS,PFD,True,usd,0001332551,2025-10-02T06:15:21.639964824Z
ACRpD,ACRES Commercial Realty Corp. 7.875% Series D Cumulative Redeemable Preferred Stock,stocks,us,XNYS,PFD,True,usd,0001332551,2025-10-02T06:15:21.639964914Z
ACSI,American Customer Satisfaction ETF,stocks,us,BATS,ETF,True,usd,0001387131,2025-10-02T06:15:21.639964994Z
ACT,"Enact Holdings, Inc. Common Stock",stocks,us,XNAS,CS,True,usd,0001823529,2025-10-02T06:15:21.639965074Z
ACTG,Acacia Research Corporation,stocks,us,XNAS,CS,True,usd,0000934549,2025-10-02T06:15:21.639965175Z
ACTU,"Actuate Therapeutics, Inc. Common stock",stocks,us,XNAS,CS,True,usd,0001652935,2025-10-02T06:15:21.639965275Z
ACTV,LeaderShares Activist Leaders ETF,stocks,us,ARCX,ETF,True,usd,0001552947,2025-10-02T06:15:21.639965465Z
ACU,Acme United Corporation,stocks,us,XASE,CS,True,usd,0000002098,2025-10-02T06:15:21.639965545Z
ACV,Virtus Diversified Income & Convertible Fund,stocks,us,XNYS,FUND,True,usd,0001636289,2025-10-02T06:15:21.639965645Z
ACVA,ACV Auctions Inc.,stocks,us,XNYS,CS,True,usd,0001637873,2025-10-02T06:15:21.639965736Z
ACVF,American Conservative Values ETF,stocks,us,ARCX,ETF,True,usd,,2025-10-02T06:15:21.639965816Z
ACVT,Advent Convertible Bond ETF,stocks,us,ARCX,ETF,True,usd,,2025-10-02T06:15:21.639965896Z
ACWI,iShares MSCI ACWI ETF,stocks,us,XNAS,ETF,True,usd,0001100663,2025-10-02T06:15:21.639965976Z
ACWV,iShares MSCI Global Min Vol Factor ETF,stocks,us,BATS,ETF,True,usd,0001100663,2025-10-02T06:15:21.639966076Z
ACWX,iShares MSCI ACWI ex US ETF,stocks,us,XNAS,ETF,True,usd,0001100663,2025-10-02T06:15:21.639966156Z
ACXP,"Acurx Pharmaceuticals, Inc. Common Stock",stocks,us,XNAS,CS,True,usd,0001736243,2025-10-02T06:15:21.639966237Z
AD,"Array Digital Infrastructure, Inc.",stocks,us,XNYS,CS,True,usd,0000821130,2025-10-02T06:15:21.639966327Z
ADAG,Adagene Inc. American Depositary Shares,stocks,us,XNAS,ADRC,True,usd,0001818838,2025-10-02T06:15:21.639966407Z
ADAM,"Adamas Trust, Inc. Common Stock",stocks,us,XNAS,CS,True,usd,0001273685,2025-10-02T06:15:21.639966487Z
ADAMG,"Adamas Trust, Inc. 9.125% Senior Notes Due 2030",stocks,us,XNAS,CS,True,usd,0001273685,2025-10-02T06:15:21.639966567Z
ADAMH,"Adamas Trust, Inc. 9.875% Senior Notes Due 2030",stocks,us,XNAS,CS,True,usd,0001273685,2025-10-02T06:15:21.639966647Z
ADAMI,"Adamas Trust, Inc. 9.125% Senior Notes Due 2029",stocks,us,XNAS,CS,True,usd,0001273685,2025-10-02T06:15:21.639966727Z
ADAML,"Adamas Trust, Inc. 6.875% Series F Fixed-to-Floating Rate Cumulative Redeemable Preferred Stock, $0.01 par value per share",stocks,us,XNAS,CS,True,usd,0001273685,2025-10-02T06:15:21.639967439Z
ADAMM,"Adamas Trust, Inc. 7.875% Series E Fixed-to-Floating Rate Cumulative Redeemable Preferred Stock",stocks,us,XNAS,PFD,True,usd,0001273685,2025-10-02T06:15:21.639967519Z
ADAMN,"Adamas Trust, Inc. 8.00% Series D Fixed-to-Floating Rate Cumulative Redeemable Preferred Stock",stocks,us,XNAS,PFD,True,usd,0001273685,2025-10-02T06:15:21.639967659Z
ADAMZ,"Adamas Trust, Inc. 7.000% Series G Cumulative Redeemable Preferred Stock, $0.01 par value per share",stocks,us,XNAS,CS,True,usd,0001273685,2025-10-02T06:15:21.639967739Z
ADAP,Adaptimmune Therapeutics plc American Depositary Shares,stocks,us,XNAS,ADRC,True,usd,0001621227,2025-10-02T06:15:21.63996782Z
ADBE,Adobe Inc.,stocks,us,XNAS,CS,True,usd,0000796343,2025-10-02T06:15:21.6399679Z
ADBG,Leverage Shares 2X Long ADBE Daily ETF,stocks,us,XNAS,ETF,True,usd,0001976322,2025-10-02T06:15:21.63996798Z
ADC,Agree Realty Corporation,stocks,us,XNYS,CS,True,usd,0000917251,2025-10-02T06:15:21.63996807Z
ADCT,ADC Therapeutics SA,stocks,us,XNYS,CS,True,usd,0001771910,2025-10-02T06:15:21.63996815Z
ADCpA,"Agree Realty Corporation Depositary Shares, each representing 1/1,000th of a 4.250% Series A Cumulative Redeemable Preferred Stock",stocks,us,XNYS,PFD,True,usd,0000917251,2025-10-02T06:15:21.63996826Z
ADEA,Adeia Inc. Common Stock,stocks,us,XNAS,CS,True,usd,0001803696,2025-10-02T06:15:21.639968341Z
ADFI,Anfield Dynamic Fixed Income ETF,stocks,us,BATS,ETF,True,usd,0001552947,2025-10-02T06:15:21.639968421Z
ADGM,"Adagio Medical Holdings, Inc Common Stock",stocks,us,XNAS,CS,True,usd,0002006986,2025-10-02T06:15:21.639968501Z
ADI,"Analog Devices, Inc.",stocks,us,XNAS,CS,True,usd,0000006281,2025-10-02T06:15:21.639968581Z
ADIL,"Adial Pharmaceuticals, Inc",stocks,us,XNAS,CS,True,usd,0001513525,2025-10-02T06:15:21.639968671Z
ADIV,SmartETFs Asia Pacific Dividend Builder ETF,stocks,us,ARCX,ETF,True,usd,,2025-10-02T06:15:21.639968751Z
ADM,Archer Daniels Midland Company,stocks,us,XNYS,CS,True,usd,0000007084,2025-10-02T06:15:21.639969112Z
ADMA,"ADMA Biologics, Inc.",stocks,us,XNAS,CS,True,usd,0001368514,2025-10-02T06:15:21.639969192Z
ADME,Aptus Behavioral Momentum ETF,stocks,us,BATS,ETF,True,usd,0001539639,2025-10-02T06:15:21.639969292Z
ADN,"Advent Technologies Holdings, Inc. Class A Common Stock",stocks,us,XNAS,CS,True,usd,0001744494,2025-10-02T06:15:21.639969383Z
ADNT,Adient plc Ordinary Shares,stocks,us,XNYS,CS,True,usd,0001670541,2025-10-02T06:15:21.639969463Z
ADNWW,"Advent Technologies Holdings, Inc. Warrant",stocks,us,XNAS,WARRANT,True,usd,0001744494,2025-10-02T06:15:21.639969543Z
ADP,Automatic Data Processing,stocks,us,XNAS,CS,True,usd,0000008670,2025-10-02T06:15:21.639969623Z
ADPT,Adaptive Biotechnologies Corporation Common Stock,stocks,us,XNAS,CS,True,usd,0001478320,2025-10-02T06:15:21.639969703Z
ADPV,Adaptiv Select ETF,stocks,us,ARCX,ETF,True,usd,,2025-10-02T06:15:21.639969783Z
ADSE,ADS-TEC ENERGY PLC Ordinary Shares,stocks,us,XNAS,CS,True,usd,0001879248,2025-10-02T06:15:21.639969873Z
ADSEW,ADS-TEC ENERGY PLC Warrant,stocks,us,XNAS,WARRANT,True,usd,0001879248,2025-10-02T06:15:21.639969954Z
ADSK,Autodesk Inc,stocks,us,XNAS,CS,True,usd,0000769397,2025-10-02T06:15:21.639970034Z
ADT,ADT Inc.,stocks,us,XNYS,CS,True,usd,0001703056,2025-10-02T06:15:21.639970114Z
ADTN,"ADTRAN Holdings, Inc. Common Stock",stocks,us,XNAS,CS,True,usd,0000926282,2025-10-02T06:15:21.639970194Z
ADTX,"Aditxt, Inc. Common Stock",stocks,us,XNAS,CS,True,usd,0001726711,2025-10-02T06:15:21.639970274Z
ADUR,Aduro Clean Technologies Inc. Common Stock,stocks,us,XNAS,CS,True,usd,0001863934,2025-10-02T06:15:21.639970354Z
ADUS,Addus HomeCare Corp.,stocks,us,XNAS,CS,True,usd,0001468328,2025-10-02T06:15:21.639970585Z
ADV,Advantage Solutions Inc. Class A Common Stock,stocks,us,XNAS,CS,True,usd,0001776661,2025-10-02T06:15:21.639970665Z
ADVB,Advanced Biomed Inc. Common Stock,stocks,us,XNAS,CS,True,usd,0001941029,2025-10-02T06:15:21.639970805Z
ADVE,Matthews Asia Dividend Active ETF,stocks,us,ARCX,ETF,True,usd,,2025-10-02T06:15:21.639970885Z
ADVM,"Adverum Biotechnologies, Inc. Common Stock",stocks,us,XNAS,CS,True,usd,0001501756,2025-10-02T06:15:21.639970966Z
ADVWW,Advantage Solutions Inc. Warrant,stocks,us,XNAS,WARRANT,True,usd,0001776661,2025-10-02T06:15:21.639971046Z
ADX,"Adams Diversified Equity Fund, Inc",stocks,us,XNYS,FUND,True,usd,0000002230,2025-10-02T06:15:21.639971126Z
ADXN,Addex Therapeutics Ltd American Depositary Shares,stocks,us,XNAS,ADRC,True,usd,0001574232,2025-10-02T06:15:21.639971206Z
AEBI,Aebi Schmidt Holding AG Common Stock,stocks,us,XNAS,CS,True,usd,0002048519,2025-10-02T06:15:21.639971286Z
AEC,Anfield Energy Inc. Common Shares,stocks,us,XNAS,CS,True,usd,0001519469,2025-10-02T06:15:21.639971366Z
AEE,Ameren Corporation,stocks,us,XNYS,CS,True,usd,0001002910,2025-10-02T06:15:21.639971446Z
AEF,"abrdn Emerging Markets ex-China Fund, Inc.",stocks,us,XASE,FUND,True,usd,0000846676,2025-10-02T06:15:21.639971537Z
AEFC,Aegon Funding Company LLC 5.10% Subordinated Notes due 2049,stocks,us,XNYS,SP,True,usd,0000769218,2025-10-02T06:15:21.639971617Z
AEG,Aegon Ltd.,stocks,us,XNYS,CS,True,usd,0000769218,2025-10-02T06:15:21.639971697Z
AEHL,Antelope Enterprise Holdings Limited Class A Ordinary Shares,stocks,us,XNAS,CS,True,usd,0001470683,2025-10-02T06:15:21.639971777Z
AEHR,Aehr Test Systems,stocks,us,XNAS,CS,True,usd,0001040470,2025-10-02T06:15:21.639971857Z
AEI,Alset Inc. Common Stock (TX),stocks,us,XNAS,CS,True,usd,0001750106,2025-10-02T06:15:21.639972208Z
AEIS,Advanced Energy Industries Inc,stocks,us,XNAS,CS,True,usd,0000927003,2025-10-02T06:15:21.639972288Z
AEM,Agnico Eagle Mines Ltd.,stocks,us,XNYS,CS,True,usd,0000002809,2025-10-02T06:15:21.639972408Z
AEMD,AETHLON MEDICAL INC,stocks,us,XNAS,CS,True,usd,0000882291,2025-10-02T06:15:21.639972488Z
AEMS,Anfield Enhanced Market ETF,stocks,us,BATS,ETF,True,usd,0001552947,2025-10-02T06:15:21.639972569Z
AENT,Alliance Entertainment Holding Corporation Class A Common Stock,stocks,us,XNAS,CS,True,usd,0001823584,2025-10-02T06:15:21.639972649Z
AENTW,Alliance Entertainment Holding Corporation Warrants,stocks,us,XNAS,WARRANT,True,usd,0001823584,2025-10-02T06:15:21.639972759Z
AEO,American Eagle Outfitters,stocks,us,XNYS,CS,True,usd,0000919012,2025-10-02T06:15:21.639972839Z
AEON,"AEON Biopharma, Inc.",stocks,us,XASE,CS,True,usd,0001837607,2025-10-02T06:15:21.639972919Z
AEP,"American Electric Power Company, Inc.",stocks,us,XNAS,CS,True,usd,0000004904,2025-10-02T06:15:21.639972999Z
AER,Aercap Holdings N.V.,stocks,us,XNYS,CS,True,usd,0001378789,2025-10-02T06:15:21.63997308Z
AERT,"Aeries Technology, Inc. Class A Ordinary Share",stocks,us,XNAS,CS,True,usd,0001853044,2025-10-02T06:15:21.63997316Z
AERTW,"Aeries Technology, Inc. Warrant",stocks,us,XNAS,WARRANT,True,usd,0001853044,2025-10-02T06:15:21.63997324Z
AES,AES Corporation,stocks,us,XNYS,CS,True,usd,0000874761,2025-10-02T06:15:21.63997333Z
AESI,Atlas Energy Solutions Inc.,stocks,us,XNYS,CS,True,usd,0001984060,2025-10-02T06:15:21.63997341Z
AESR,Anfield U.S. Equity Sector Rotation ETF,stocks,us,BATS,ETF,True,usd,0001552947,2025-10-02T06:15:21.63997349Z
AETH,Bitwise Trendwise Ether and Treasuries Rotation Strategy ETF,stocks,us,ARCX,ETF,True,usd,,2025-10-02T06:15:21.639973691Z
AEVA,"Aeva Technologies, Inc.",stocks,us,XNAS,CS,True,usd,0001789029,2025-10-02T06:15:21.639973771Z
AEVAW,"Aeva Technologies, Inc. Warrants",stocks,us,XNAS,WARRANT,True,usd,0001789029,2025-10-02T06:15:21.639973881Z
AEXA,American Exceptionalism Acquisition Corp. A,stocks,us,XNYS,CS,True,usd,0002079173,2025-10-02T06:15:21.639973961Z
AEYE,"AudioEye, Inc. Common Stock",stocks,us,XNAS,CS,True,usd,0001362190,2025-10-02T06:15:21.639974041Z
AFB,"Alliance National Municipal Income Fund, Inc.",stocks,us,XNYS,FUND,True,usd,0001162027,2025-10-02T06:15:21.639974122Z
AFBI,"Affinity Bancshares, Inc. Common Stock (MD)",stocks,us,XNAS,CS,True,usd,0001823406,2025-10-02T06:15:21.639974202Z
AFCG,Advanced Flower Capital Inc. Common Stock,stocks,us,XNAS,CS,True,usd,0001822523,2025-10-02T06:15:21.639974282Z
AFG,"American Financial Group, Inc.",stocks,us,XNYS,CS,True,usd,0001042046,2025-10-02T06:15:21.639974372Z
AFGB,"American Financial Group, Inc. 5.875% Subordinated Debentures due 2059",stocks,us,XNYS,SP,True,usd,0001042046,2025-10-02T06:15:21.639974452Z
AFGC,"American Financial Group, Inc. 5.125% Subordinated Debentures due 2059",stocks,us,XNYS,SP,True,usd,0001042046,2025-10-02T06:15:21.639974532Z
AFGD,"American Financial Group, Inc. 5.625% Subordinated Debentures due 2060",stocks,us,XNYS,SP,True,usd,0001042046,2025-10-02T06:15:21.639974893Z
AFGE,"American Financial Group, Inc. 4.500% Subordinated Debentures due 2060",stocks,us,XNYS,SP,True,usd,0001042046,2025-10-02T06:15:21.639974973Z
AFIF,Anfield Universal Fixed Income ETF,stocks,us,BATS,ETF,True,usd,0001552947,2025-10-02T06:15:21.639975053Z
AFIX,Allspring Broad Market Core Bond ETF,stocks,us,ARCX,ETF,True,usd,,2025-10-02T06:15:21.639975134Z
AFJK,"Aimei Health Technology Co., Ltd Ordinary Share",stocks,us,XNAS,CS,True,usd,0001979005,2025-10-02T06:15:21.639975284Z
AFJKR,"Aimei Health Technology Co., Ltd Right",stocks,us,XNAS,RIGHT,True,usd,0001979005,2025-10-02T06:15:21.639975604Z
AFJKU,"Aimei Health Technology Co., Ltd Unit",stocks,us,XNAS,UNIT,True,usd,0001979005,2025-10-02T06:15:21.639975685Z
AFK,VanEck Africa Index ETF,stocks,us,ARCX,ETF,True,usd,0001137360,2025-10-02T06:15:21.639975795Z
AFL,Aflac Inc.,stocks,us,XNYS,CS,True,usd,0000004977,2025-10-02T06:15:21.639975875Z
AFLG,First Trust Active Factor Large Cap ETF,stocks,us,ARCX,ETF,True,usd,0001667919,2025-10-02T06:15:21.639975965Z
AFMC,First Trust Active Factor Mid Cap ETF,stocks,us,ARCX,ETF,True,usd,0001667919,2025-10-02T06:15:21.639976045Z
AFOS,ARS Focused Opportunity Strategy ETF,stocks,us,XNAS,ETF,True,usd,,2025-10-02T06:15:21.639976125Z
AFRI,Forafric Global PLC Ordinary Shares,stocks,us,XNAS,CS,True,usd,0001903870,2025-10-02T06:15:21.639976206Z
AFRIW,Forafric Global PLC Warrants,stocks,us,XNAS,WARRANT,True,usd,0001903870,2025-10-02T06:15:21.639976286Z
AFRM,"Affirm Holdings, Inc. Class A Common Stock",stocks,us,XNAS,CS,True,usd,0001820953,2025-10-02T06:15:21.639976366Z
AFRU,T-REX 2X Long AFRM Daily Target ETF,stocks,us,BATS,ETF,True,usd,,2025-10-02T06:15:21.639976446Z
AFSC,abrdn Focused U.S. Small Cap Active ETF,stocks,us,XNAS,ETF,True,usd,,2025-10-02T06:15:21.639976526Z
AFSM,First Trust Active Factor Small Cap ETF,stocks,us,ARCX,ETF,True,usd,0001667919,2025-10-02T06:15:21.639976606Z
AFYA,Afya Limited Class A Common Shares,stocks,us,XNAS,CS,True,usd,0001771007,2025-10-02T06:15:21.639976686Z
AG,FIRST MAJESTIC SILVER CORP,stocks,us,XNYS,CS,True,usd,0001308648,2025-10-02T06:15:21.639976767Z
AGAE,Allied Gaming & Entertainment Inc. Common Stock,stocks,us,XNAS,CS,True,usd,0001708341,2025-10-02T06:15:21.639976847Z
AGCO,AGCO Corporation,stocks,us,XNYS,CS,True,usd,0000880266,2025-10-02T06:15:21.639977197Z
AGD,abrdn Global Dynamic Dividend Fund,stocks,us,XNYS,FUND,True,usd,0001362481,2025-10-02T06:15:21.639977288Z
AGEM,abrdn Emerging Markets Dividend Active ETF,stocks,us,XNAS,ETF,True,usd,,2025-10-02T06:15:21.639977408Z
AGEN,Agenus Inc.,stocks,us,XNAS,CS,True,usd,0001098972,2025-10-02T06:15:21.639977488Z
AGG,iShares Core U.S. Aggregate Bond ETF,stocks,us,ARCX,ETF,True,usd,0001100663,2025-10-02T06:15:21.639977568Z
AGGA,EA Series Trust EA Astoria Dynamic Core US Fixed Income ETF,stocks,us,XNAS,ETF,True,usd,,2025-10-02T06:15:21.639977648Z
AGGH,Simplify Aggregate Bond ETF,stocks,us,ARCX,ETF,True,usd,0001810747,2025-10-02T06:15:21.639977728Z
AGGS,Harbor Disciplined Bond ETF,stocks,us,ARCX,ETF,True,usd,0001860434,2025-10-02T06:15:21.639977809Z
AGGY,WisdomTree Yield Enhanced U.S. Aggregate Bond Fund,stocks,us,ARCX,ETF,True,usd,0001350487,2025-10-02T06:15:21.639977899Z
AGH,Aureus Greenway Holdings Inc. Common Stock,stocks,us,XNAS,CS,True,usd,0002009312,2025-10-02T06:15:21.639977979Z
AGI,Alamos Gold Inc. Class A Common Shares,stocks,us,XNYS,CS,True,usd,0001178819,2025-10-02T06:15:21.639978059Z
AGIO,"Agios Pharmaceuticals, Inc.",stocks,us,XNAS,CS,True,usd,0001439222,2025-10-02T06:15:21.639978159Z
AGIQ,SoFi Agentic AI ETF,stocks,us,ARCX,ETF,True,usd,,2025-10-02T06:15:21.639978239Z
AGIX,KraneShares Artificial Intelligence ETF,stocks,us,XNAS,ETF,True,usd,0001536592,2025-10-02T06:15:21.63997832Z
AGL,"agilon health, inc.",stocks,us,XNYS,CS,True,usd,0001831097,2025-10-02T06:15:21.6399784Z
AGM,Federal Agricultural Mortgage Corporation,stocks,us,XNYS,CS,True,usd,0000845877,2025-10-02T06:15:21.63997848Z
AGM.A,Federal Agricultural Mortgage Corporation Class A Voting,stocks,us,XNYS,CS,True,usd,0000845877,2025-10-02T06:15:21.63997879Z
AGMH,AGM Group Holdings Inc. Class A Ordinary Shares,stocks,us,XNAS,CS,True,usd,0001705402,2025-10-02T06:15:21.639978881Z
AGMI,Themes Silver Miners ETF,stocks,us,XNAS,ETF,True,usd,0001976322,2025-10-02T06:15:21.639979071Z
AGMpD,"Federal Agricultural Mortgage Corporation 5.700% Non-Cumulative Preferred Stock, Series D",stocks,us,XNYS,PFD,True,usd,0000845877,2025-10-02T06:15:21.639979281Z
AGMpE,"Federal Agricultural Mortgage Corporation 5.750% Non-Cumulative Preferred Stock, Series E",stocks,us,XNYS,PFD,True,usd,0000845877,2025-10-02T06:15:21.639979362Z
AGMpF,"Federal Agricultural Mortgage Corporation 5.250% Non-Cumulative Preferred Stock, Series F",stocks,us,XNYS,PFD,True,usd,0000845877,2025-10-02T06:15:21.639979452Z
AGMpG,"Federal Agricultural Mortgage Corporation 4.875% Non-Cumulative Preferred Stock, Series G",stocks,us,XNYS,PFD,True,usd,0000845877,2025-10-02T06:15:21.639979532Z
AGMpH,"Federal Agricultural Mortgage Corporation 6.500% Non-Cumulative Preferred Stock, Series H",stocks,us,XNYS,PFD,True,usd,0000845877,2025-10-02T06:15:21.639979612Z
AGNC,AGNC Investment Corp. Common Stock,stocks,us,XNAS,CS,True,usd,0001423689,2025-10-02T06:15:21.639979692Z
AGNCL,"AGNC Investment Corp. Depositary Shares Each Representing a 1/1,000th Interest in a Share of 7.75% Series G Fixed-Rate Reset Cumulative Redeemable Preferred Stock",stocks,us,XNAS,CS,True,usd,0001423689,2025-10-02T06:15:21.639979772Z
AGNCM,AGNC Investment Corp. Depositary Shares rep 6.875% Series D Fixed-to-Floating Cumulative Redeemable Preferred Stock,stocks,us,XNAS,PFD,True,usd,0001423689,2025-10-02T06:15:21.639979903Z
AGNCN,"AGNC Investment Corp. Depositary Shares Each Representing a 1/1,000th Interest in a Share of 7 percent Series C Fixed-To-Floating Rate Cumulative Redeemable Preferred Stock",stocks,us,XNAS,PFD,True,usd,0001423689,2025-10-02T06:15:21.639979983Z
AGNCO,"AGNC Investment Corp. Depositary Shares, each representing a 1/1,000th interest in a share of 6.50% Series E Fixed-to-Floating Cumulative Redeemable Preferred Stock",stocks,us,XNAS,CS,True,usd,0001423689,2025-10-02T06:15:21.639980063Z
AGNCP,"AGNC Investment Corp. Depositary Shares Each Representing a 1/1,000th Interest in a Share of 6.125% Series F Fixed-to-Floating Rate Cumulative Redeemable Preferred Stock",stocks,us,XNAS,PFD,True,usd,0001423689,2025-10-02T06:15:21.639980143Z
AGNCZ,AGNC Investment Corp. 8.75% Series H Fixed-Rate Cumulative Redeemable Preferred Stock,stocks,us,XNAS,PFD,True,usd,0001423689,2025-10-02T06:15:21.639980223Z
AGNG,Global X Funds Global X Aging Population ETF,stocks,us,XNAS,ETF,True,usd,0001432353,2025-10-02T06:15:21.639980303Z
AGO,"Assured Guaranty, LTD",stocks,us,XNYS,CS,True,usd,0001273813,2025-10-02T06:15:21.639980644Z
AGOX,Adaptive Alpha Opportunities ETF,stocks,us,ARCX,ETF,True,usd,,2025-10-02T06:15:21.639980724Z
AGQ,ProShares Ultra Silver,stocks,us,ARCX,ETV,True,usd,0001415311,2025-10-02T06:15:21.639980834Z
AGQI,First Trust Active Global Quality Income ETF,stocks,us,ARCX,ETF,True,usd,0001667919,2025-10-02T06:15:21.639980915Z
AGRH,iShares Interest Rate Hedged U.S. Aggregate Bond ETF,stocks,us,ARCX,ETF,True,usd,0001524513,2025-10-02T06:15:21.639980995Z
AGRI,AgriFORCE Growing Systems Ltd. Common Shares,stocks,us,XNAS,CS,True,usd,0001826397,2025-10-02T06:15:21.639981085Z
AGRO,ADECOAGRO S.A.,stocks,us,XNYS,CS,True,usd,0001499505,2025-10-02T06:15:21.639981185Z
AGRW,Allspring LT Large Growth ETF,stocks,us,ARCX,ETF,True,usd,,2025-10-02T06:15:21.639981265Z
AGRZ,Agroz Inc. Ordinary Shares,stocks,us,XNAS,CS,True,usd,0002009233,2025-10-02T06:15:21.639981345Z
AGX,"Argan, Inc",stocks,us,XNYS,CS,True,usd,0000100591,2025-10-02T06:15:21.639981436Z
AGYS,"Agilysys, Inc. Common Stock (DE)",stocks,us,XNAS,CS,True,usd,0000078749,2025-10-02T06:15:21.639981516Z
AGZ,iShares Agency Bond ETF,stocks,us,ARCX,ETF,True,usd,0001100663,2025-10-02T06:15:21.639981626Z
AGZD,WisdomTree Trust WisdomTree Interest Rate Hedged U.S. Aggregate Bond Fund,stocks,us,XNAS,ETF,True,usd,0001350487,2025-10-02T06:15:21.639981706Z
AHCO,AdaptHealth Corp. Common Stock,stocks,us,XNAS,CS,True,usd,0001725255,2025-10-02T06:15:21.639981786Z
AHG,Akso Health Group ADS,stocks,us,XNAS,ADRC,True,usd,0001702318,2025-10-02T06:15:21.639981866Z
AHH,"Armada Hoffler Properties, Inc.",stocks,us,XNYS,CS,True,usd,0001569187,2025-10-02T06:15:21.639981947Z
AHHpA,"Armada Hoffler Properties, Inc. 6.75% Series A Cumulative Redeemable Perpetual Preferred Stock",stocks,us,XNYS,PFD,True,usd,0001569187,2025-10-02T06:15:21.639982287Z
AHL,Aspen Insurance Holdings Limited,stocks,us,XNYS,CS,True,usd,0001267395,2025-10-02T06:15:21.639982367Z
AHLT,American Beacon AHL Trend ETF,stocks,us,ARCX,ETF,True,usd,,2025-10-02T06:15:21.639982488Z
AHLpD,Aspen Insurance Holdings Limited 5.625% Perpetual Non-Cumulative Preference Shares,stocks,us,XNYS,PFD,True,usd,0001267395,2025-10-02T06:15:21.639982768Z
AHLpE,"Aspen Insurance Holdings Limited Depositary Shares, each representing a 1/1000th interest in a share of 5.625% Perpetual Non-Cumulative Preference Shares",stocks,us,XNYS,PFD,True,usd,0001267395,2025-10-02T06:15:21.639982848Z
AHLpF,"Aspen Insurance Holdings Limited Depositary Shares, each representing a 1/1,000th Interest in a 7.00% Perpetual Non-Cumulative Preference Share",stocks,us,XNYS,PFD,True,usd,0001267395,2025-10-02T06:15:21.639982928Z
AHR,"American Healthcare REIT, Inc.",stocks,us,XNYS,CS,True,usd,0001632970,2025-10-02T06:15:21.639983009Z
AHT,"Ashford Hospitality Trust, Inc.",stocks,us,XNYS,CS,True,usd,0001232582,2025-10-02T06:15:21.639983099Z
AHTpD,"Ashford Hospitality Trust, Inc. 8.45% Series D",stocks,us,XNYS,PFD,True,usd,0001232582,2025-10-02T06:15:21.639983299Z
AHTpF,"Ashford Hospitality Trust, Inc.",stocks,us,XNYS,PFD,True,usd,0001232582,2025-10-02T06:15:21.639983379Z
AHTpG,"Ashford Hospitality Trust, Inc   7.375% Series G Cumulative Preferred Stock",stocks,us,XNYS,PFD,True,usd,0001232582,2025-10-02T06:15:21.63998352Z
AHTpH,"Ashford Hospitality Trust, Inc. 7.50 Percent Series H Cumulative Preferred Stock",stocks,us,XNYS,PFD,True,usd,0001232582,2025-10-02T06:15:21.6399836Z
AHTpI,"Ashford Hospitality Trust, Inc. 7.50% Series I Cumulative Preferred Stock",stocks,us,XNYS,PFD,True,usd,0001232582,2025-10-02T06:15:21.63998368Z
AHYB,American Century Select High Yield ETF,stocks,us,ARCX,ETF,True,usd,0001710607,2025-10-02T06:15:21.63998376Z
AI,"C3.ai, Inc.",stocks,us,XNYS,CS,True,usd,0001577526,2025-10-02T06:15:21.63998384Z
AIA,iShares Asia 50 ETF,stocks,us,XNAS,ETF,True,usd,0001100663,2025-10-02T06:15:21.63998392Z
AIBD,Direxion Daily AI and Big Data Bear 2X Shares,stocks,us,ARCX,ETF,True,usd,,2025-10-02T06:15:21.639984181Z
AIBU,Direxion Daily AI and Big Data Bull 2X Shares,stocks,us,ARCX,ETF,True,usd,,2025-10-02T06:15:21.639984271Z
AIEQ,Amplify AI Powered Equity ETF,stocks,us,ARCX,ETF,True,usd,0001633061,2025-10-02T06:15:21.639984712Z
AIFD,TCW Artificial Intelligence ETF,stocks,us,XNAS,ETF,True,usd,0001831313,2025-10-02T06:15:21.639984792Z
AIFF,"Firefly Neuroscience, Inc. Common Stock",stocks,us,XNAS,CS,True,usd,0000803578,2025-10-02T06:15:21.639984872Z
AIFU,AIFU Inc. Class A Ordinary Share,stocks,us,XNAS,CS,True,usd,0001413855,2025-10-02T06:15:21.639984952Z
AIG,"American International Group, Inc.",stocks,us,XNYS,CS,True,usd,0000005272,2025-10-02T06:15:21.639985032Z
AIHS,Senmiao Technology Limited Common Stock,stocks,us,XNAS,CS,True,usd,0001711012,2025-10-02T06:15:21.639985113Z
AII,"American Integrity Insurance Group, Inc.",stocks,us,XNYS,CS,True,usd,0002007587,2025-10-02T06:15:21.639985213Z
AIIO,Robo.ai Inc. Class B Ordinary Shares,stocks,us,XNAS,CS,True,usd,0001932737,2025-10-02T06:15:21.639985303Z
AIIOW,Robo.ai Inc. Warrant,stocks,us,XNAS,WARRANT,True,usd,0001932737,2025-10-02T06:15:21.639985383Z
AIM,AIM ImmunoTech Inc.,stocks,us,XASE,CS,True,usd,0000946644,2025-10-02T06:15:21.639985463Z
AIMD,"Ainos, Inc. Common Stock",stocks,us,XNAS,CS,True,usd,0001014763,2025-10-02T06:15:21.639985543Z
AIMDW,"Ainos, Inc. Warrants",stocks,us,XNAS,WARRANT,True,usd,0001014763,2025-10-02T06:15:21.639985624Z
AIN,Albany International Corp Class A,stocks,us,XNYS,CS,True,usd,0000819793,2025-10-02T06:15:21.639985704Z
AINP,Allspring Income Plus ETF,stocks,us,ARCX,ETF,True,usd,,2025-10-02T06:15:21.639985784Z
AIO,Virtus Artificial Intelligence & Technology Opportunities Fund,stocks,us,XNYS,FUND,True,usd,0001778114,2025-10-02T06:15:21.639986104Z
AIOO,AllianzIM U.S. Equity Buffer100 Protection ETF,stocks,us,BATS,ETF,True,usd,0001797318,2025-10-02T06:15:21.639986195Z
AIOT,"PowerFleet, Inc. Common Stock",stocks,us,XNAS,CS,True,usd,0001774170,2025-10-02T06:15:21.639986335Z
AIP,"Arteris, Inc. Common Stock",stocks,us,XNAS,CS,True,usd,0001667011,2025-10-02T06:15:21.639986445Z
AIPI,REX AI Equity Premium Income ETF,stocks,us,XNAS,ETF,True,usd,,2025-10-02T06:15:21.639986535Z
AIPO,Defiance AI & Power Infrastructure ETF,stocks,us,XNAS,ETF,True,usd,,2025-10-02T06:15:21.639986635Z
AIQ,Global X Funds Global X Artificial Intelligence & Technology ETF,stocks,us,XNAS,ETF,True,usd,0001432353,2025-10-02T06:15:21.639986716Z
AIR,AAR Corp.,stocks,us,XNYS,CS,True,usd,0000001750,2025-10-02T06:15:21.639986796Z
AIRE,reAlpha Tech Corp. Common Stock,stocks,us,XNAS,CS,True,usd,0001859199,2025-10-02T06:15:21.639986876Z
AIRG,"Airgain, Inc. Common Stock",stocks,us,XNAS,CS,True,usd,0001272842,2025-10-02T06:15:21.639986956Z
AIRI,Air Industries Group,stocks,us,XASE,CS,True,usd,0001009891,2025-10-02T06:15:21.639987036Z
AIRJ,AirJoule Technologies Corporation Class A Common Stock,stocks,us,XNAS,CS,True,usd,0001855474,2025-10-02T06:15:21.639987116Z
AIRJW,AirJoule Technologies Corporation Warrant,stocks,us,XNAS,WARRANT,True,usd,0001855474,2025-10-02T06:15:21.639987197Z
AIRO,"AIRO Group Holdings, Inc. Common Stock",stocks,us,XNAS,CS,True,usd,0001927958,2025-10-02T06:15:21.639987277Z
AIRR,First Trust RBA American Industrial Renaissance ETF,stocks,us,XNAS,ETF,True,usd,0001552740,2025-10-02T06:15:21.639987367Z
AIRS,"AirSculpt Technologies, Inc. Common Stock",stocks,us,XNAS,CS,True,usd,0001870940,2025-10-02T06:15:21.639987447Z
AIRT,Air T Inc,stocks,us,XNAS,CS,True,usd,0000353184,2025-10-02T06:15:21.639987667Z
AIRTP,"Air T, Inc. Air T Funding Alpha Income Trust Preferred Securities",stocks,us,XNAS,PFD,True,usd,0000353184,2025-10-02T06:15:21.639987748Z
AIS,VistaShares Artificial Intelligence Supercycle ETF,stocks,us,ARCX,ETF,True,usd,0001722388,2025-10-02T06:15:21.639987868Z
AISP,"Airship AI Holdings, Inc. Class A Common Stock",stocks,us,XNAS,CS,True,usd,0001842566,2025-10-02T06:15:21.639987948Z
AISPW,"Airship AI Holdings, Inc. Warrants",stocks,us,XNAS,WARRANT,True,usd,0001842566,2025-10-02T06:15:21.639988028Z
AIT,"Applied Industrial Technologies, Inc.",stocks,us,XNYS,CS,True,usd,0000109563,2025-10-02T06:15:21.639988118Z
AIV,Apartment Investment and Management Company,stocks,us,XNYS,CS,True,usd,0000922864,2025-10-02T06:15:21.639988198Z
AIVC,Amplify Bloomberg AI Value Chain ETF,stocks,us,ARCX,ETF,True,usd,0001633061,2025-10-02T06:15:21.639988279Z
AIVI,WisdomTree International AI Enhanced Value Fund,stocks,us,ARCX,ETF,True,usd,0001350487,2025-10-02T06:15:21.639988359Z
AIVL,WisdomTree U.S. AI Enhanced Value Fund,stocks,us,ARCX,ETF,True,usd,0001350487,2025-10-02T06:15:21.639988439Z
AIXI,XIAO-I Corporation American Depositary Shares,stocks,us,XNAS,ADRC,True,usd,0001935172,2025-10-02T06:15:21.639988519Z
AIYY,YieldMax AI Option Income Strategy ETF,stocks,us,ARCX,ETS,True,usd,0001924868,2025-10-02T06:15:21.639988599Z
AIZ,"Assurant, Inc.",stocks,us,XNYS,CS,True,usd,0001267238,2025-10-02T06:15:21.639988679Z
AIZN,"Assurant, Inc. 5.25% Subordinated Notes due 2061",stocks,us,XNYS,SP,True,usd,0001267238,2025-10-02T06:15:21.63998876Z
AJAN,Innovator Equity Defined Protection ETF - 2 Yr to January 2026,stocks,us,BATS,ETF,True,usd,0001415726,2025-10-02T06:15:21.63998885Z
AJG,Arthur J. Gallagher & Co.,stocks,us,XNYS,CS,True,usd,0000354190,2025-10-02T06:15:21.63998893Z
AJUL,Innovator Equity Defined Protection ETF - 2 Yr to July 2026,stocks,us,BATS,ETF,True,usd,0001415726,2025-10-02T06:15:21.639989301Z
AKA,a.k.a. Brands Holding Corp.,stocks,us,XNYS,CS,True,usd,0001865107,2025-10-02T06:15:21.639989501Z
AKAF,The Frontier Economic Fund,stocks,us,XNYS,ETF,True,usd,,2025-10-02T06:15:21.639989591Z
AKAM,Akamai Technologies Inc,stocks,us,XNAS,CS,True,usd,0001086222,2025-10-02T06:15:21.639989701Z
AKAN,Akanda Corp. Common Shares,stocks,us,XNAS,CS,True,usd,0001888014,2025-10-02T06:15:21.639989781Z
AKBA,"Akebia Therapeutics, Inc.",stocks,us,XNAS,CS,True,usd,0001517022,2025-10-02T06:15:21.639989862Z
AKO.A,Embotelladora Andina S.A. Series A,stocks,us,XNYS,ADRC,True,usd,0000925261,2025-10-02T06:15:21.639989942Z
AKO.B,Embotelladora Andina S.A. Series B,stocks,us,XNYS,ADRC,True,usd,0000925261,2025-10-02T06:15:21.639990022Z
AKR,Acadia Realty Trust,stocks,us,XNYS,CS,True,usd,0000899629,2025-10-02T06:15:21.639990242Z
AKRO,"Akero Therapeutics, Inc. Common Stock",stocks,us,XNAS,CS,True,usd,0001744659,2025-10-02T06:15:21.639990433Z
AKTX,Akari Therapeutics plc ADR (0.01 USD),stocks,us,XNAS,ADRC,True,usd,0001541157,2025-10-02T06:15:21.639990513Z
AL,Air Lease Corporation,stocks,us,XNYS,CS,True,usd,0001487712,2025-10-02T06:15:21.639990663Z
ALAB,"Astera Labs, Inc. Common Stock",stocks,us,XNAS,CS,True,usd,0001736297,2025-10-02T06:15:21.639990743Z
ALAI,Alger AI Enablers & Adopters ETF,stocks,us,ARCX,ETF,True,usd,0001807486,2025-10-02T06:15:21.639990833Z
ALAR,Alarum Technologies Ltd. American Depositary Share,stocks,us,XNAS,ADRC,True,usd,0001725332,2025-10-02T06:15:21.639990914Z
ALB,Albemarle Corporation,stocks,us,XNYS,CS,True,usd,0000915913,2025-10-02T06:15:21.639991004Z
ALBT,Avalon GloboCare Corp. Common Stock,stocks,us,XNAS,CS,True,usd,0001630212,2025-10-02T06:15:21.639991214Z
ALBpA,Albemarle Corporation Depositary Shares each representing a 1/20th interest in a share of 7.25% Series A Mandatory Convertible Preferred Stock,stocks,us,XNYS,SP,True,usd,0000915913,2025-10-02T06:15:21.639991415Z
ALC,Alcon Inc. Ordinary Shares,stocks,us,XNYS,CS,True,usd,0001167379,2025-10-02T06:15:21.639991495Z
ALCO,Alico Inc,stocks,us,XNAS,CS,True,usd,0000003545,2025-10-02T06:15:21.639991575Z
ALCY,Alchemy Investments Acquisition Corp 1 Class A Ordinary Shares,stocks,us,XNAS,CS,True,usd,0001901336,2025-10-02T06:15:21.639991655Z
ALCYU,Alchemy Investments Acquisition Corp 1 Units,stocks,us,XNAS,UNIT,True,usd,0001901336,2025-10-02T06:15:21.639991735Z
ALCYW,Alchemy Investments Acquisition Corp 1 Warrants,stocks,us,XNAS,WARRANT,True,usd,0001901336,2025-10-02T06:15:21.639991815Z
ALDF,Aldel Financial II Inc. Class A Ordinary Shares,stocks,us,XNAS,CS,True,usd,0002031561,2025-10-02T06:15:21.639991895Z
ALDFU,Aldel Financial II Inc. Units,stocks,us,XNAS,UNIT,True,usd,0002031561,2025-10-02T06:15:21.639991976Z
ALDFW,Aldel Financial II Inc. Warrants,stocks,us,XNAS,WARRANT,True,usd,0002031561,2025-10-02T06:15:21.639992056Z
ALDX,"Aldeyra Therapeutics, Inc.",stocks,us,XNAS,CS,True,usd,0001341235,2025-10-02T06:15:21.639992136Z
ALE,"ALLETE, Inc.",stocks,us,XNYS,CS,True,usd,0000066756,2025-10-02T06:15:21.639992226Z
ALEC,"Alector, Inc. Common Stock",stocks,us,XNAS,CS,True,usd,0001653087,2025-10-02T06:15:21.639992306Z
ALEX,"Alexander & Baldwin, Inc.",stocks,us,XNYS,CS,True,usd,0001545654,2025-10-02T06:15:21.639992386Z
ALF,Centurion Acquisition Corp. Class A Ordinary Shares,stocks,us,XNAS,CS,True,usd,0002010930,2025-10-02T06:15:21.639992467Z
ALFUU,Centurion Acquisition Corp. Unit,stocks,us,XNAS,UNIT,True,usd,0002010930,2025-10-02T06:15:21.639992547Z
ALFUW,Centurion Acquisition Corp. Warrant,stocks,us,XNAS,WARRANT,True,usd,0002010930,2025-10-02T06:15:21.639992877Z
ALG,"Alamo Group, Inc.",stocks,us,XNYS,CS,True,usd,0000897077,2025-10-02T06:15:21.639992958Z
ALGM,"Allegro MicroSystems, Inc. Common Stock",stocks,us,XNAS,CS,True,usd,0000866291,2025-10-02T06:15:21.639993118Z
ALGN,Align Technology Inc,stocks,us,XNAS,CS,True,usd,0001097149,2025-10-02T06:15:21.639993208Z
ALGS,"Aligos Therapeutics, Inc. Common Stock",stocks,us,XNAS,CS,True,usd,0001799448,2025-10-02T06:15:21.639993288Z
ALGT,Allegiant Travel Company,stocks,us,XNAS,CS,True,usd,0001362468,2025-10-02T06:15:21.639993368Z
ALHC,"Alignment Healthcare, Inc. Common Stock",stocks,us,XNAS,CS,True,usd,0001832466,2025-10-02T06:15:21.639993448Z
ALIL,Argent Focused Small Cap ETF,stocks,us,XNAS,ETF,True,usd,,2025-10-02T06:15:21.639993529Z
ALIT,"Alight, Inc.",stocks,us,XNYS,CS,True,usd,0001809104,2025-10-02T06:15:21.639993609Z
ALK,"Alaska Air Group, Inc.",stocks,us,XNYS,CS,True,usd,0000766421,2025-10-02T06:15:21.639993689Z
ALKS,Alkermes Inc. plc,stocks,us,XNAS,CS,True,usd,0001520262,2025-10-02T06:15:21.639993769Z
ALKT,"Alkami Technology, Inc. Common Stock",stocks,us,XNAS,CS,True,usd,0001529274,2025-10-02T06:15:21.639993849Z
ALL,The Allstate Corporation,stocks,us,XNYS,CS,True,usd,0000899051,2025-10-02T06:15:21.639993929Z
ALLE,Allegion Public Limited Company,stocks,us,XNYS,CS,True,usd,0001579241,2025-10-02T06:15:21.63999401Z
ALLO,"Allogene Therapeutics, Inc. Common Stock",stocks,us,XNAS,CS,True,usd,0001737287,2025-10-02T06:15:21.63999423Z
ALLR,"Allarity Therapeutics, Inc. Common Stock",stocks,us,XNAS,CS,True,usd,0001860657,2025-10-02T06:15:21.63999431Z
ALLT,Allot Ltd. Ordinary Shares,stocks,us,XNAS,CS,True,usd,0001365767,2025-10-02T06:15:21.63999443Z
ALLW,SPDR Bridgewater All Weather ETF,stocks,us,XNAS,ETF,True,usd,0001516212,2025-10-02T06:15:21.63999451Z
ALLY,Ally Financial Inc.,stocks,us,XNYS,CS,True,usd,0000040729,2025-10-02T06:15:21.639994591Z
ALLpB,The Allstate Corporation 5.100%  Fixed-To-Floating Rate Subordinated Debentures due 2053,stocks,us,XNYS,PFD,True,usd,0000899051,2025-10-02T06:15:21.639994681Z
ALLpH,The Allstate Corporation,stocks,us,XNYS,PFD,True,usd,0000899051,2025-10-02T06:15:21.639994761Z
ALLpI,The Allstate Corporation,stocks,us,XNYS,PFD,True,usd,0000899051,2025-10-02T06:15:21.639994841Z
ALLpJ,"The Allstate Corporation Depositary Shares each representing a 1/1,000th interest in a share of Fixed Rate Noncumulative Perpetual Preferred Stock, Series J",stocks,us,XNYS,PFD,True,usd,0000899051,2025-10-02T06:15:21.639995041Z
ALM,Almonty Industries Inc. Common Shares,stocks,us,XNAS,CS,True,usd,0001670061,2025-10-02T06:15:21.639995122Z
ALMS,Alumis Inc. Common Stock,stocks,us,XNAS,CS,True,usd,0001847367,2025-10-02T06:15:21.639995202Z
ALMU,"Aeluma, Inc. Common Stock",stocks,us,XNAS,CS,True,usd,0001828805,2025-10-02T06:15:21.639995282Z
ALNT,Allient Inc. Common Stock,stocks,us,XNAS,CS,True,usd,0000046129,2025-10-02T06:15:21.639995372Z
ALNY,"Alnylam Pharmaceuticals, Inc.",stocks,us,XNAS,CS,True,usd,0001178670,2025-10-02T06:15:21.639995452Z
ALOT,"AstroNova, Inc. Common Stock",stocks,us,XNAS,CS,True,usd,0000008146,2025-10-02T06:15:21.639995532Z
ALRG,Allspring LT Large Core ETF,stocks,us,ARCX,ETF,True,usd,,2025-10-02T06:15:21.639995613Z
ALRM,"Alarm.com Holdings, Inc.",stocks,us,XNAS,CS,True,usd,0001459200,2025-10-02T06:15:21.639995723Z
ALRS,Alerus Financial Corporation Common Stock,stocks,us,XNAS,CS,True,usd,0000903419,2025-10-02T06:15:21.639995803Z
ALSN,"ALLISON TRANSMISSION HOLDINGS, INC.",stocks,us,XNYS,CS,True,usd,0001411207,2025-10-02T06:15:21.639996003Z
ALT,"Altimmune, Inc. Common Stock",stocks,us,XNAS,CS,True,usd,0001326190,2025-10-02T06:15:21.639996083Z
ALTG,Alta Equipment Group Inc.,stocks,us,XNYS,CS,True,usd,0001759824,2025-10-02T06:15:21.639996184Z
ALTGpA,Alta Equipment Group Inc. Depositary Shares (each representing 1/1000th in a share of 10% Series A Cumulative Perpetual Preferred Stock),stocks,us,XNYS,PFD,True,usd,0001759824,2025-10-02T06:15:21.639996294Z
ALTI,"AlTi Global, Inc. Class A Common Stock",stocks,us,XNAS,CS,True,usd,0001838615,2025-10-02T06:15:21.639996374Z
ALTL,Pacer Lunt Large Cap Alternator ETF,stocks,us,ARCX,ETF,True,usd,0001616668,2025-10-02T06:15:21.639996454Z
ALTO,"Alto Ingredients, Inc. Common Stock",stocks,us,XNAS,CS,True,usd,0000778164,2025-10-02T06:15:21.639996534Z
ALTS,ALT5 Sigma Corporation Common Stock,stocks,us,XNAS,CS,True,usd,0000862861,2025-10-02T06:15:21.639996614Z
ALTY,Global X Funds Global X Alternative Income ETF,stocks,us,XNAS,ETF,True,usd,0001432353,2025-10-02T06:15:21.639996705Z
ALUR,"Allurion Technologies, Inc.",stocks,us,XNYS,CS,True,usd,0001964979,2025-10-02T06:15:21.639996785Z
ALUR.WS,"Allurion Technologies, Inc. Warrants, each whole warrant exercisable to purchase 0.056818 shares of common stock at an exercise price of $202.50 per share of common stock",stocks,us,XNYS,WARRANT,True,usd,0001964979,2025-10-02T06:15:21.639996865Z
ALV,"Autoliv, Inc.",stocks,us,XNYS,CS,True,usd,0001034670,2025-10-02T06:15:21.639996945Z
ALVO,Alvotech Ordinary Shares,stocks,us,XNAS,CS,True,usd,0001898416,2025-10-02T06:15:21.639997025Z
ALVOW,Alvotech Warrant,stocks,us,XNAS,WARRANT,True,usd,0001898416,2025-10-02T06:15:21.639997105Z
ALX,Alexander's Inc.,stocks,us,XNYS,CS,True,usd,0000003499,2025-10-02T06:15:21.639997186Z
ALXO,ALX Oncology Holdings Inc. Common Stock,stocks,us,XNAS,CS,True,usd,0001810182,2025-10-02T06:15:21.639997266Z
ALZN,"Alzamend Neuro, Inc. Common Stock",stocks,us,XNAS,CS,True,usd,0001677077,2025-10-02T06:15:21.639997496Z
AM,Antero Midstream Corporation Common Stock,stocks,us,XNYS,CS,True,usd,0001623925,2025-10-02T06:15:21.639997576Z
AMAL,Amalgamated Financial Corp. Common Stock (DE),stocks,us,XNAS,CS,True,usd,0001823608,2025-10-02T06:15:21.639997697Z
AMAT,Applied Materials Inc,stocks,us,XNAS,CS,True,usd,0000006951,2025-10-02T06:15:21.639997787Z
AMAX,Adaptive Hedged Multi-Asset Income ETF,stocks,us,ARCX,ETF,True,usd,,2025-10-02T06:15:21.639997867Z
AMBA,"Ambarella, Inc. Ordinary Shares",stocks,us,XNAS,CS,True,usd,0001280263,2025-10-02T06:15:21.639997947Z
AMBC,"Ambac Financial Group, Inc.",stocks,us,XNYS,CS,True,usd,0000874501,2025-10-02T06:15:21.639998027Z
AMBI,Ambipar Emergency Response,stocks,us,XASE,CS,True,usd,0001937441,2025-10-02T06:15:21.639998448Z
AMBI.WS,"Ambipar Emergency Response Warrants to purchase Class A ordinary shares, each whole warrant exercisable for one Class A ordinary share at an exercise price of $11.50 per share",stocks,us,XASE,WARRANT,True,usd,0001937441,2025-10-02T06:15:21.639998528Z
AMBO,Ambow Education Holding Ltd. American Depository Shares (each representing twenty (20) Class A Ordinary Shares),stocks,us,XASE,ADRC,True,usd,0001494558,2025-10-02T06:15:21.639998608Z
AMBP,Ardagh Metal Packaging S.A.,stocks,us,XNYS,CS,True,usd,0001845097,2025-10-02T06:15:21.639998688Z
AMBP.WS,"Ardagh Metal Packaging S.A. Warrants, each exercisable for one Share at an exercise price of $11.50 per share",stocks,us,XNYS,WARRANT,True,usd,0001845097,2025-10-02T06:15:21.639998769Z
AMBQ,"Ambiq Micro, Inc.",stocks,us,XNYS,CS,True,usd,0001500412,2025-10-02T06:15:21.639998849Z
AMBR,Amber International Holding Limited American Depositary Shares,stocks,us,XNAS,ADRC,True,usd,0001697818,2025-10-02T06:15:21.639998929Z
AMC,"AMC ENTERTAINMENT HOLDINGS, INC.",stocks,us,XNYS,CS,True,usd,0001411579,2025-10-02T06:15:21.639999009Z
AMCR,Amcor plc Ordinary Shares,stocks,us,XNYS,CS,True,usd,0001748790,2025-10-02T06:15:21.639999089Z
AMCX,AMC Networks Inc. Class A,stocks,us,XNAS,CS,True,usd,0001514991,2025-10-02T06:15:21.63999946Z
AMD,Advanced Micro Devices,stocks,us,XNAS,CS,True,usd,0000002488,2025-10-02T06:15:21.63999954Z
AMDD,Direxion Daily AMD Bear 1X Shares,stocks,us,XNAS,ETF,True,usd,,2025-10-02T06:15:21.63999967Z
AMDG,Leverage Shares 2X Long AMD Daily ETF,stocks,us,XNAS,ETF,True,usd,0001976322,2025-10-02T06:15:21.63999976Z
AMDL,GraniteShares 2x Long AMD Daily ETF,stocks,us,XNAS,ETF,True,usd,0001689873,2025-10-02T06:15:21.639999841Z
AMDU,Defiance Leveraged Long + Income AMD ETF,stocks,us,XNAS,ETF,True,usd,,2025-10-02T06:15:21.639999921Z
AMDW,Roundhill AMD WeeklyPay ETF,stocks,us,BATS,ETF,True,usd,,2025-10-02T06:15:21.640000001Z
AMDY,YieldMax AMD Option Income Strategy ETF,stocks,us,ARCX,ETS,True,usd,,2025-10-02T06:15:21.640000081Z
AME,"Ametek, Inc.",stocks,us,XNYS,CS,True,usd,0001037868,2025-10-02T06:15:21.640000161Z
AMG,Affiliated Managers Group,stocks,us,XNYS,CS,True,usd,0001004434,2025-10-02T06:15:21.640000382Z
AMGN,Amgen Inc,stocks,us,XNAS,CS,True,usd,0000318154,2025-10-02T06:15:21.640000472Z
AMH,AMERICAN HOMES 4 RENT,stocks,us,XNYS,CS,True,usd,0001562401,2025-10-02T06:15:21.640000552Z
AMHpG,American Homes 4 Rent Series G cumulative redeemable perpetual preferred shares of beneficial interest,stocks,us,XNYS,PFD,True,usd,0001562401,2025-10-02T06:15:21.640000632Z
AMHpH,American Homes 4 Rent Series H cumulative redeemable perpetual Preferred Shares of Beneficial Interest,stocks,us,XNYS,PFD,True,usd,0001562401,2025-10-02T06:15:21.640000712Z
AMID,Argent Mid Cap ETF,stocks,us,XNAS,ETF,True,usd,,2025-10-02T06:15:21.640000792Z
AMIX,"Autonomix Medical, Inc. Common Stock",stocks,us,XNAS,CS,True,usd,0001617867,2025-10-02T06:15:21.640000873Z
AMJB,Alerian MLP Index ETNs due January 28 2044,stocks,us,ARCX,ETN,True,usd,0000019617,2025-10-02T06:15:21.640001223Z
AMKR,Amkor Technology Inc,stocks,us,XNAS,CS,True,usd,0001047127,2025-10-02T06:15:21.640001303Z
AMLP,Alerian MLP ETF,stocks,us,ARCX,ETF,True,usd,0001414040,2025-10-02T06:15:21.640001404Z
AMLX,"Amylyx Pharmaceuticals, Inc. Common Stock",stocks,us,XNAS,CS,True,usd,0001658551,2025-10-02T06:15:21.640001484Z
AMN,AMN Healthcare Services,stocks,us,XNYS,CS,True,usd,0001142750,2025-10-02T06:15:21.640001564Z
AMOD,"Alpha Modus Holdings, Inc. Class A Common Stock",stocks,us,XNAS,CS,True,usd,0001862463,2025-10-02T06:15:21.640001644Z
AMODW,"Alpha Modus Holdings, Inc. Warrant",stocks,us,XNAS,WARRANT,True,usd,0001862463,2025-10-02T06:15:21.640001724Z
AMOM,Qraft AI-Enhanced US Large Cap Momentum ETF,stocks,us,ARCX,ETF,True,usd,0001547950,2025-10-02T06:15:21.640001804Z
AMP,"Ameriprise Financial, Inc.",stocks,us,XNYS,CS,True,usd,0000820027,2025-10-02T06:15:21.640001885Z
AMPG,AMPLITECH GROUP INC. COM,stocks,us,XNAS,CS,True,usd,0001518461,2025-10-02T06:15:21.640001965Z
AMPGW,"Amplitech Group, Inc. Warrants",stocks,us,XNAS,WARRANT,True,usd,0001518461,2025-10-02T06:15:21.640002045Z
AMPH,"Amphastar Pharmaceuticals, Inc.",stocks,us,XNAS,CS,True,usd,0001297184,2025-10-02T06:15:21.640002125Z
AMPL,"Amplitude, Inc. Class A Common Stock",stocks,us,XNAS,CS,True,usd,0001866692,2025-10-02T06:15:21.640002205Z
AMPX,"Amprius Technologies, Inc.",stocks,us,XNYS,CS,True,usd,0001899287,2025-10-02T06:15:21.640002285Z
AMPX.WS,"Amprius Technologies, Inc. Warrants to purchase one share of Common Stock at an exercise price of $11.50 per share",stocks,us,XNYS,WARRANT,True,usd,0001899287,2025-10-02T06:15:21.640002365Z
AMPY,Amplify Energy Corp.,stocks,us,XNYS,CS,True,usd,0001533924,2025-10-02T06:15:21.640002446Z
AMR,"Alpha Metallurgical Resources, Inc.",stocks,us,XNYS,CS,True,usd,0001704715,2025-10-02T06:15:21.640002666Z
AMRC,"Ameresco, Inc.",stocks,us,XNYS,CS,True,usd,0001488139,2025-10-02T06:15:21.640002746Z
AMRK,"A-Mark Precious Metals, Inc.",stocks,us,XNAS,CS,True,usd,0001591588,2025-10-02T06:15:21.640002846Z
AMRN,Amarin Corp Plc,stocks,us,XNAS,ADRC,True,usd,0000897448,2025-10-02T06:15:21.640002927Z
AMRX,"Amneal Pharmaceuticals, Inc. Class A Common Stock",stocks,us,XNAS,CS,True,usd,0001723128,2025-10-02T06:15:21.640003007Z
AMRZ,Amrize Ltd,stocks,us,XNYS,CS,True,usd,0002035989,2025-10-02T06:15:21.640003087Z
AMS,American Shared Hospital Services,stocks,us,XASE,CS,True,usd,0000744825,2025-10-02T06:15:21.640003167Z
AMSC,American Superconductor Corp,stocks,us,XNAS,CS,True,usd,0000880807,2025-10-02T06:15:21.640003247Z
AMSF,"AMERISAFE, Inc.",stocks,us,XNAS,CS,True,usd,0001018979,2025-10-02T06:15:21.640003337Z
AMST,Amesite Inc.,stocks,us,XNAS,CS,True,usd,0001807166,2025-10-02T06:15:21.640003417Z
AMT,American Tower Corporation,stocks,us,XNYS,CS,True,usd,0001053507,2025-10-02T06:15:21.640003498Z
AMTB,Amerant Bancorp Inc.,stocks,us,XNYS,CS,True,usd,0001734342,2025-10-02T06:15:21.640003578Z
AMTD,"AMTD IDEA Group American Depositary Shares, each representing six (6) Class A Ordinary Shares",stocks,us,XNYS,ADRC,True,usd,0001769731,2025-10-02T06:15:21.640003658Z
AMTM,"Amentum Holdings, Inc.",stocks,us,XNYS,CS,True,usd,0002011286,2025-10-02T06:15:21.640003748Z
AMTX,"Aemetis, Inc. (DE) Common Stock",stocks,us,XNAS,CS,True,usd,0000738214,2025-10-02T06:15:21.640003828Z
AMUB,"ETRACS Alerian MLP Index ETN Series B due July 18, 2042",stocks,us,ARCX,ETN,True,usd,0001114446,2025-10-02T06:15:21.640003908Z
AMUU,Direxion Daily AMD Bull 2X Shares,stocks,us,XNAS,ETF,True,usd,,2025-10-02T06:15:21.640004159Z
AMWD,American Woodmark Corp,stocks,us,XNAS,CS,True,usd,0000794619,2025-10-02T06:15:21.640004239Z
